{"1": 0.9846834160922948, "2": 0.9664270362410139, "3": 0.973912399021715, "4": 0.9585958151140097, "5": 0.9643765903307888, "6": 0.9506410731490402, "7": 0.9548160774722696, "8": 0.9432792312063045, "9": 0.9469107438424862, "10": 0.9355962350848588, "11": 0.9389312977099237, "12": 0.9280614639689716, "13": 0.9307048099014303, "14": 0.9202796511771536, "15": 0.9238864596457422, "16": 0.9164505052002273, "17": 0.9194644136465822, "18": 0.9097803799500975, "19": 0.912991921737197, "20": 0.905852417302799}